City,Lat,Lng,Max_Temp,Humidity,Speed,Date,Cloudiness,Country
umm lajj,25.0213,37.2685,82.06,55,4.36,04/24/2021,0,SA
mount gambier,-37.8333,140.7667,50.0,100,8.05,04/24/2021,75,AU
vaini,-21.2,-175.2,69.8,100,6.22,04/24/2021,20,TO
kirakira,-10.4544,161.9205,78.82,82,1.68,04/24/2021,99,SB
tasiilaq,65.6145,-37.6368,37.4,75,4.61,04/24/2021,75,GL
rikitea,-23.1203,-134.9692,78.58,70,16.15,04/24/2021,99,PF
lavrentiya,65.5833,-171.0,24.33,93,2.59,04/24/2021,85,RU
bambous virieux,-20.3428,57.7575,79.0,89,14.97,04/24/2021,75,MU
ushuaia,-54.8,-68.3,55.4,58,12.66,04/24/2021,75,AR
mataura,-46.1927,168.8643,51.01,74,8.99,04/24/2021,59,NZ
conde,-7.2597,-34.9075,82.4,78,11.5,04/24/2021,75,BR
dingle,10.9995,122.6711,76.37,84,1.41,04/24/2021,78,PH
chokurdakh,70.6333,147.9167,-15.03,98,3.85,04/24/2021,15,RU
luderitz,-26.6481,15.1594,62.01,87,5.44,04/24/2021,1,NA
lossiemouth,57.7214,-3.2834,53.6,76,16.11,04/24/2021,20,GB
castro,-24.7911,-50.0119,73.76,49,6.06,04/24/2021,7,BR
qaanaaq,77.484,-69.3632,28.17,66,7.29,04/24/2021,99,GL
bahia blanca,-38.7196,-62.2724,65.73,41,11.92,04/24/2021,23,AR
kapaa,22.0752,-159.319,75.2,73,16.11,04/24/2021,40,US
santa cruz,-17.8,-63.1667,68.0,94,2.3,04/24/2021,90,BO
jamestown,42.097,-79.2353,62.01,30,13.8,04/24/2021,1,US
albany,42.6001,-73.9662,70.0,19,3.0,04/24/2021,57,US
hithadhoo,-0.6,73.0833,83.5,70,7.81,04/24/2021,46,MV
atuona,-9.8,-139.0333,80.65,73,21.23,04/24/2021,25,PF
ribeira grande,38.5167,-28.7,60.8,67,18.41,04/24/2021,75,PT
hermanus,-34.4187,19.2345,62.01,80,1.01,04/24/2021,98,ZA
torata,-17.0769,-70.8433,66.27,39,9.46,04/24/2021,1,PE
ixtapa,20.7,-105.2,82.4,57,9.22,04/24/2021,75,MX
provideniya,64.3833,-173.3,33.84,86,1.07,04/24/2021,89,RU
avarua,-21.2078,-159.775,78.8,73,12.66,04/24/2021,20,CK
san juan,-31.5375,-68.5364,73.11,29,7.47,04/24/2021,0,AR
kaitangata,-46.2817,169.8464,44.01,89,4.0,04/24/2021,45,NZ
khatanga,71.9667,102.5,32.23,97,17.07,04/24/2021,100,RU
santa rosa,14.3122,121.1114,81.0,78,3.78,04/24/2021,20,PH
namibe,-15.1961,12.1522,79.57,75,9.53,04/24/2021,44,AO
hilo,19.7297,-155.09,69.8,88,3.44,04/24/2021,90,US
georgetown,5.4112,100.3354,82.0,89,4.61,04/24/2021,40,MY
upernavik,72.7868,-56.1549,34.16,85,5.99,04/24/2021,40,GL
geraldton,-28.7667,114.6,60.8,94,5.75,04/24/2021,40,AU
altamira,-3.2033,-52.2064,78.8,89,3.44,04/24/2021,75,BR
busselton,-33.65,115.3333,52.0,88,1.86,04/24/2021,0,AU
maniitsoq,65.4167,-52.9,38.84,71,0.45,04/24/2021,0,GL
hasaki,35.7333,140.8333,50.0,100,3.44,04/24/2021,20,JP
catumbela,-12.4314,13.5472,80.94,86,1.66,04/24/2021,47,AO
sur,22.5667,59.5289,87.75,38,10.2,04/24/2021,0,OM
tuktoyaktuk,69.4541,-133.0374,21.2,73,4.61,04/24/2021,75,CA
nieuw nickerie,5.95,-56.9833,76.03,91,14.88,04/24/2021,100,SR
newport,51.5877,-2.9984,60.8,41,14.97,04/24/2021,25,GB
butaritari,3.0707,172.7902,82.44,76,11.7,04/24/2021,96,KI
san policarpo,12.1791,125.5072,77.32,86,4.74,04/24/2021,86,PH
kodiak,57.79,-152.4072,42.8,87,2.68,04/24/2021,90,US
trofors,65.5333,13.4063,37.4,56,16.11,04/24/2021,20,NO
bluff,-46.6,168.3333,50.0,75,4.0,04/24/2021,82,NZ
cape town,-33.9258,18.4232,63.0,77,13.8,04/24/2021,0,ZA
harper,4.375,-7.7169,83.28,76,10.04,04/24/2021,78,LR
hamilton,39.1834,-84.5333,54.0,71,5.75,04/24/2021,90,US
carnarvon,-24.8667,113.6333,62.6,94,6.91,04/24/2021,0,AU
aulum,56.2649,8.787,44.6,57,12.66,04/24/2021,75,DK
airai,-8.9266,125.4092,56.98,92,2.48,04/24/2021,30,TL
bengkulu,-3.8004,102.2655,75.72,89,3.98,04/24/2021,98,ID
voiron,45.3639,5.5921,69.8,32,8.05,04/24/2021,0,FR
camacha,33.0833,-16.3333,62.6,82,19.57,04/24/2021,40,PT
arraial do cabo,-22.9661,-42.0278,78.8,73,12.66,04/24/2021,20,BR
cabedelo,-6.9811,-34.8339,82.4,78,11.5,04/24/2021,75,BR
pochutla,15.7432,-96.4661,91.99,51,17.27,04/24/2021,40,MX
talnakh,69.4865,88.3972,30.56,97,11.05,04/24/2021,100,RU
pascagoula,30.3658,-88.5561,78.8,83,10.36,04/24/2021,90,US
scarborough,54.2797,-0.4044,46.0,77,3.0,04/24/2021,7,GB
victoria,22.2855,114.1577,77.0,87,3.0,04/24/2021,45,HK
omboue,-1.5746,9.2618,78.57,85,5.57,04/24/2021,99,GA
mar del plata,-38.0023,-57.5575,66.2,63,12.66,04/24/2021,40,AR
punta arenas,-53.15,-70.9167,51.8,71,16.11,04/24/2021,75,CL
port-gentil,-0.7193,8.7815,82.4,83,8.05,04/24/2021,75,GA
puerto ayora,-0.7393,-90.3518,80.6,74,16.11,04/24/2021,75,EC
garden city,42.3256,-83.331,59.0,50,6.91,04/24/2021,90,US
lagoa,39.05,-27.9833,58.91,82,27.78,04/24/2021,60,PT
torbay,47.6666,-52.7314,51.8,37,28.77,04/24/2021,75,CA
porto nacional,-10.7081,-48.4172,82.4,83,4.61,04/24/2021,40,BR
new norfolk,-42.7826,147.0587,50.0,84,2.91,04/24/2021,99,AU
chetumal,18.5,-88.3,89.6,55,19.57,04/24/2021,1,MX
zhigansk,66.7697,123.3711,33.19,98,10.04,04/24/2021,100,RU
donskoye,45.4552,41.9741,51.8,76,8.95,04/24/2021,75,RU
portland,45.5234,-122.6762,50.0,81,6.91,04/24/2021,90,US
chuy,-33.6971,-53.4616,71.82,69,7.2,04/24/2021,100,UY
beyneu,45.3167,55.2,63.32,37,7.02,04/24/2021,94,KZ
grand gaube,-20.0064,57.6608,79.0,82,10.0,04/24/2021,99,MU
crestline,34.242,-117.2856,63.0,59,5.75,04/24/2021,75,US
cayenne,4.9333,-52.3333,78.8,89,5.75,04/24/2021,40,GF
katobu,-4.9408,122.5276,74.8,91,3.27,04/24/2021,15,ID
nizhnyaya salda,58.0776,60.7202,42.48,68,7.7,04/24/2021,100,RU
port elizabeth,-33.918,25.5701,59.0,94,6.91,04/24/2021,0,ZA
fairbanks,64.8378,-147.7164,48.2,42,4.61,04/24/2021,1,US
esperance,-33.8667,121.9,59.0,77,12.66,04/24/2021,88,AU
grindavik,63.8424,-22.4338,46.4,87,25.32,04/24/2021,75,IS
zaterechnyy,44.7931,45.2097,58.37,60,8.86,04/24/2021,80,RU
kiruna,67.8557,20.2251,28.4,59,11.5,04/24/2021,40,SE
severo-kurilsk,50.6789,156.125,34.95,95,4.25,04/24/2021,100,RU
pittsburg,38.028,-121.8847,63.0,48,9.22,04/24/2021,20,US
bethel,41.3712,-73.414,70.0,23,8.05,04/24/2021,1,US
katsuura,35.1333,140.3,60.8,67,13.8,04/24/2021,0,JP
leningradskiy,69.3833,178.4167,19.38,93,4.38,04/24/2021,100,RU
tilichiki,60.4667,166.1,24.12,90,5.19,04/24/2021,100,RU
zile,40.3031,35.8864,53.6,54,24.16,04/24/2021,75,TR
richards bay,-28.783,32.0377,69.17,85,11.97,04/24/2021,70,ZA
ancud,-41.8697,-73.8203,62.01,72,11.5,04/24/2021,75,CL
yulara,-25.2406,130.9889,53.6,58,6.91,04/24/2021,62,AU
ilulissat,69.2167,-51.1,41.0,60,3.44,04/24/2021,40,GL
korla,41.7597,86.1469,50.83,46,9.73,04/24/2021,16,CN
galle,6.0367,80.217,80.47,81,2.71,04/24/2021,85,LK
mahebourg,-20.4081,57.7,78.8,83,17.27,04/24/2021,75,MU
isangel,-19.55,169.2667,77.25,80,9.86,04/24/2021,86,VU
green valley,31.8543,-110.9937,82.0,15,1.99,04/24/2021,0,US
sinnamary,5.3833,-52.95,78.42,86,12.03,04/24/2021,100,GF
presidencia roque saenz pena,-26.7852,-60.4388,69.01,93,3.0,04/24/2021,100,AR
hobart,-42.8794,147.3294,50.0,71,8.05,04/24/2021,75,AU
cherskiy,68.75,161.3,21.24,96,9.69,04/24/2021,100,RU
bose,45.4612,8.0137,68.0,42,3.44,04/24/2021,0,IT
brownsville,25.9018,-97.4975,93.2,29,17.27,04/24/2021,1,US
sawtell,-30.3833,153.1,53.6,87,4.97,04/24/2021,58,AU
opuwo,-18.0607,13.84,74.07,36,3.2,04/24/2021,59,NA
abu zabad,12.35,29.25,90.86,25,7.81,04/24/2021,75,SD
lompoc,34.6391,-120.4579,55.4,67,6.91,04/24/2021,33,US
haines junction,60.7522,-137.5108,37.4,48,2.8,04/24/2021,13,CA
high level,58.5169,-117.136,33.8,55,8.05,04/24/2021,75,CA
dover,39.1582,-75.5244,66.99,32,8.05,04/24/2021,75,US
lima,-12.0432,-77.0282,69.8,73,8.05,04/24/2021,40,PE
bubaque,11.2833,-15.8333,78.35,70,21.72,04/24/2021,6,GW
gamba,-2.65,10.0,76.57,85,6.62,04/24/2021,100,GA
stepnyak,52.8339,70.7803,44.19,39,13.76,04/24/2021,100,KZ
setermoen,68.861,18.3486,32.0,55,5.75,04/24/2021,89,NO
yellowknife,62.456,-114.3525,17.01,57,12.66,04/24/2021,40,CA
bredasdorp,-34.5322,20.0403,53.6,87,5.75,04/24/2021,96,ZA
beira,-19.8436,34.8389,73.4,83,8.81,04/24/2021,0,MZ
san patricio,28.017,-97.5169,96.8,13,17.27,04/24/2021,1,US
wajid,3.8093,43.2471,79.81,68,5.23,04/24/2021,90,SO
den helder,52.9599,4.7593,46.99,71,13.8,04/24/2021,64,NL
winslow,35.0242,-110.6974,69.8,17,9.22,04/24/2021,1,US
flic en flac,-20.2742,57.3631,79.0,83,17.27,04/24/2021,75,MU
warrington,53.3925,-2.5802,64.4,39,11.5,04/24/2021,50,GB
shingu,33.7333,135.9833,53.19,88,4.76,04/24/2021,5,JP
port lincoln,-34.7333,135.8667,57.74,71,4.36,04/24/2021,0,AU
tougan,13.0667,-3.0667,103.33,7,6.06,04/24/2021,52,BF
saint-donat-de-montcalm,46.3187,-74.2219,68.0,24,3.44,04/24/2021,62,CA
sibolga,1.7427,98.7792,74.21,94,4.52,04/24/2021,100,ID
thunder bay,48.4001,-89.3168,36.0,60,11.5,04/24/2021,90,CA
iqaluit,63.7506,-68.5145,33.8,86,2.3,04/24/2021,75,CA
meulaboh,4.1363,96.1285,76.12,85,2.89,04/24/2021,100,ID
prince rupert,54.3161,-130.3201,50.0,76,4.61,04/24/2021,20,CA
alofi,-19.0595,-169.9187,71.6,100,1.14,04/24/2021,69,NU
vardo,70.3705,31.1107,33.33,91,22.7,04/24/2021,100,NO
cabo san lucas,22.8909,-109.9124,82.0,41,11.5,04/24/2021,1,MX
jutiquile,14.7167,-86.0833,91.4,35,6.76,04/24/2021,40,HN
jalu,29.0331,21.5482,72.86,43,26.64,04/24/2021,28,LY
tiksi,71.6872,128.8694,30.79,93,12.12,04/24/2021,100,RU
klaksvik,62.2266,-6.589,50.0,57,4.61,04/24/2021,98,FO
kampong cham,11.9934,105.4635,80.19,75,5.93,04/24/2021,91,KH
dalvik,65.9702,-18.5286,51.8,62,10.36,04/24/2021,0,IS
tombouctou,20.0,-3.0,98.83,8,7.36,04/24/2021,45,ML
kavieng,-2.5744,150.7967,80.82,79,6.91,04/24/2021,83,PG
bilma,18.6853,12.9164,95.59,8,10.42,04/24/2021,12,NE
ostrovnoy,68.0531,39.5131,36.43,99,3.69,04/24/2021,100,RU
vila franca do campo,37.7167,-25.4333,59.0,88,17.27,04/24/2021,75,PT
east london,-33.0153,27.9116,64.4,88,5.75,04/24/2021,0,ZA
nokaneng,-19.6667,22.2667,70.81,29,6.85,04/24/2021,6,BW
nikolskoye,59.7035,30.7861,42.01,60,2.24,04/24/2021,20,RU
pasuruan,-7.6453,112.9075,82.4,83,9.22,04/24/2021,40,ID
verkhoyansk,67.5447,133.385,17.67,93,5.14,04/24/2021,100,RU
sorland,67.667,12.6934,37.49,56,20.83,04/24/2021,86,NO
oranjemund,-28.55,16.4333,60.06,89,5.28,04/24/2021,9,NA
vaitape,-16.5167,-151.75,79.99,74,7.65,04/24/2021,100,PF
khawhai,23.3667,93.1167,54.61,34,2.62,04/24/2021,35,IN
narasannapeta,18.4167,84.05,80.44,81,4.18,04/24/2021,5,IN
camopi,3.1655,-52.3158,78.82,95,4.27,04/24/2021,97,GF
kilindoni,-7.9139,39.6668,78.85,90,10.92,04/24/2021,100,TZ
plyussa,58.4308,29.3654,34.32,90,5.97,04/24/2021,90,RU
dukat,62.55,155.55,-10.43,99,4.47,04/24/2021,84,RU
bridlington,54.0831,-0.1919,46.0,75,5.01,04/24/2021,14,GB
joshimath,30.5667,79.5667,46.04,54,10.85,04/24/2021,76,IN
lupiro,-8.3833,36.6667,71.87,96,1.23,04/24/2021,84,TZ
poum,-20.2333,164.0167,78.28,81,14.2,04/24/2021,97,NC
sao filipe,14.8961,-24.4956,71.96,74,14.83,04/24/2021,60,CV
dabola,10.75,-11.1167,96.78,22,5.28,04/24/2021,84,GN
port alfred,-33.5906,26.891,67.75,84,9.86,04/24/2021,53,ZA
lebu,-37.6167,-73.65,57.81,68,17.27,04/24/2021,2,CL
barrow,71.2906,-156.7887,24.8,80,3.13,04/24/2021,1,US
dois vizinhos,-25.7336,-53.0572,62.98,95,2.17,04/24/2021,100,BR
palestine,31.9216,35.2033,68.0,73,4.61,04/24/2021,0,PS
langarud,37.197,50.1535,60.8,88,2.19,04/24/2021,90,IR
adre,13.4667,22.2,87.03,15,1.92,04/24/2021,65,TD
ewa beach,21.3156,-158.0072,78.8,69,6.91,04/24/2021,1,US
yar-sale,66.8333,70.8333,27.03,93,3.71,04/24/2021,94,RU
olinda,-8.0089,-34.8553,82.4,54,6.91,04/24/2021,40,BR
garowe,8.4054,48.4845,82.06,62,18.9,04/24/2021,84,SO
cap-aux-meules,47.3821,-61.8597,41.0,75,16.11,04/24/2021,27,CA
aljezur,37.3191,-8.8033,63.43,80,11.56,04/24/2021,97,PT
pailon,-17.65,-62.75,68.0,100,2.3,04/24/2021,90,BO
aguimes,27.9054,-15.4461,71.6,64,2.3,04/24/2021,75,ES
sidi ali,36.0998,0.4206,69.69,58,17.76,04/24/2021,84,DZ
jibuti,11.5,42.5,84.2,74,14.61,04/24/2021,1,DJ
arman,59.7,150.1667,13.91,73,13.0,04/24/2021,83,RU
souillac,-20.5167,57.5167,78.8,83,17.27,04/24/2021,75,MU
lasa,46.6166,10.7002,68.0,35,5.75,04/24/2021,0,IT
varhaug,58.6147,5.6457,44.01,67,5.99,04/24/2021,6,NO
bilibino,68.0546,166.4372,22.6,95,1.88,04/24/2021,100,RU
paraibano,-6.4331,-43.9836,83.21,75,4.9,04/24/2021,81,BR
codrington,-38.2667,141.9667,50.88,92,6.15,04/24/2021,100,AU
norman wells,65.282,-126.8329,30.2,64,3.44,04/24/2021,75,CA
lac du bonnet,50.2536,-96.0612,42.01,52,6.96,04/24/2021,52,CA
puerto escondido,15.85,-97.0667,87.8,70,9.22,04/24/2021,40,MX
maromitsa,59.8683,48.0123,43.41,87,6.85,04/24/2021,89,RU
campana,-34.1687,-58.9591,73.0,69,4.0,04/24/2021,47,AR
ketchikan,55.3422,-131.6461,51.8,50,12.66,04/24/2021,1,US
kindu,-2.95,25.95,71.67,95,2.06,04/24/2021,96,CD
longyearbyen,78.2186,15.6401,26.6,63,4.61,04/24/2021,75,SJ
fethiye,36.6217,29.1164,68.0,56,1.14,04/24/2021,75,TR
kruisfontein,-34.0033,24.7314,60.01,92,3.0,04/24/2021,90,ZA
porto novo,6.4965,2.6036,86.0,74,13.8,04/24/2021,40,BJ
margate,51.3813,1.3862,48.0,70,5.01,04/24/2021,45,GB
zaozhuang,34.8647,117.5542,54.48,86,11.68,04/24/2021,100,CN
guerrero negro,27.9769,-114.0611,66.4,58,14.41,04/24/2021,26,MX
la ronge,55.1001,-105.2842,24.8,46,5.75,04/24/2021,53,CA
thompson,55.7435,-97.8558,23.0,54,4.18,04/24/2021,90,CA
beringovskiy,63.05,179.3167,29.39,97,4.72,04/24/2021,95,RU
ponta do sol,32.6667,-17.1,66.2,63,8.05,04/24/2021,40,PT
esil,51.9556,66.4042,48.04,40,16.78,04/24/2021,100,KZ
preobrazheniye,42.9019,133.9064,38.17,69,6.73,04/24/2021,3,RU
dikson,73.5069,80.5464,11.19,88,15.68,04/24/2021,88,RU
papetoai,-17.4961,-149.8729,80.6,69,5.75,04/24/2021,75,PF
kisangani,0.5167,25.2,71.55,99,0.31,04/24/2021,98,CD
kastamonu,41.5,33.6667,50.5,82,4.97,04/24/2021,100,TR
arlit,18.7369,7.3853,96.51,6,7.61,04/24/2021,7,NE
lichtenburg,-26.152,26.1597,58.86,30,4.7,04/24/2021,2,ZA
eldorado,-23.7869,-54.2836,79.29,37,3.94,04/24/2021,90,BR
tommot,58.9564,126.2925,30.0,97,4.81,04/24/2021,100,RU
shache,38.4167,77.2406,62.69,10,2.91,04/24/2021,90,CN
sao joao da barra,-21.6403,-41.0511,86.0,51,4.61,04/24/2021,40,BR
gushikawa,26.3544,127.8686,66.2,82,9.22,04/24/2021,1,JP
aksha,50.2814,113.2867,42.69,17,4.36,04/24/2021,100,RU
varsag,46.5167,25.35,50.0,54,5.99,04/24/2021,22,RO
smolenka,52.1352,113.4974,33.8,34,4.47,04/24/2021,100,RU
tautira,-17.7333,-149.15,80.6,69,5.75,04/24/2021,75,PF
husavik,66.0449,-17.3389,51.8,62,10.36,04/24/2021,0,IS
touros,-5.1989,-35.4608,84.2,70,16.11,04/24/2021,40,BR
okha,53.5739,142.9478,22.91,85,10.07,04/24/2021,18,RU
ambon,-3.6954,128.1814,77.0,94,5.75,04/24/2021,40,ID
barabash,43.2,131.4833,28.4,100,5.57,04/24/2021,0,RU
bure,10.7,37.0667,62.98,66,1.79,04/24/2021,99,ET
saint-denis,48.9167,2.3333,64.0,34,13.8,04/24/2021,0,FR
northam,51.0333,-4.2167,53.01,46,1.01,04/24/2021,61,GB
sitka,57.0531,-135.33,51.8,40,5.75,04/24/2021,1,US
la ciotat,43.1748,5.6045,66.0,46,6.4,04/24/2021,52,FR
chernyshevskiy,63.0128,112.4714,28.36,98,2.37,04/24/2021,98,RU
kavaratti,10.5669,72.642,84.38,74,7.38,04/24/2021,19,IN
egvekinot,66.3167,-179.1667,17.85,89,0.78,04/24/2021,94,RU
dunedin,-45.8742,170.5036,48.99,78,8.01,04/24/2021,43,NZ
abu dhabi,24.4667,54.3667,82.4,69,6.91,04/24/2021,0,AE
vila velha,-20.3297,-40.2925,81.0,65,11.5,04/24/2021,20,BR
moerai,-22.4333,-151.3333,76.19,67,13.98,04/24/2021,35,PF
shenkursk,62.1091,42.896,50.04,69,9.4,04/24/2021,92,RU
broken hill,-31.95,141.4333,51.8,66,6.91,04/24/2021,0,AU
gurupa,-1.405,-51.64,81.09,88,2.8,04/24/2021,100,BR
kisaran,2.9845,99.6158,73.33,94,2.46,04/24/2021,100,ID
balkanabat,39.5108,54.3671,72.82,44,4.47,04/24/2021,40,TM
alakurtti,66.9672,30.3491,35.01,85,7.0,04/24/2021,100,RU
porto murtinho,-21.6989,-57.8825,92.73,34,6.04,04/24/2021,90,BR
nanga eboko,4.6833,12.3667,72.37,81,2.66,04/24/2021,95,CM
saskylakh,71.9167,114.0833,32.41,92,12.68,04/24/2021,100,RU
trincomalee,8.5711,81.2335,83.26,75,7.16,04/24/2021,11,LK
am timan,11.0297,20.2827,97.83,20,0.43,04/24/2021,51,TD
kasempa,-13.4584,25.8338,70.21,59,3.87,04/24/2021,92,ZM
rochegda,62.8,43.25,50.32,68,10.51,04/24/2021,78,RU
riyadh,24.6877,46.7219,95.0,13,10.27,04/24/2021,0,SA
razdolinsk,58.4211,94.6658,31.19,99,1.48,04/24/2021,100,RU
noumea,-22.2763,166.4572,78.01,100,4.61,04/24/2021,75,NC
saint-augustin,51.226,-58.6502,38.61,79,11.95,04/24/2021,92,CA
umm kaddadah,13.6017,26.6876,89.51,13,13.6,04/24/2021,59,SD
los llanos de aridane,28.6585,-17.9182,71.6,60,4.61,04/24/2021,20,ES
flin flon,54.7682,-101.865,28.4,40,5.75,04/24/2021,75,CA
clyde river,70.4692,-68.5914,17.6,93,9.22,04/24/2021,75,CA
samarai,-10.6167,150.6667,81.93,80,12.91,04/24/2021,95,PG
faya,18.3851,42.4509,59.0,72,16.11,04/24/2021,75,SA
virginia beach,36.8529,-75.978,68.0,42,12.66,04/24/2021,90,US
raton,36.9034,-104.4391,62.6,17,12.66,04/24/2021,1,US
synya,65.3718,58.0387,38.93,89,3.67,04/24/2021,62,RU
dilla,6.41,38.31,64.92,88,5.68,04/24/2021,100,ET
buala,-8.145,159.5921,79.3,83,2.51,04/24/2021,64,SB
port-cartier,50.0334,-66.8654,50.0,43,9.22,04/24/2021,75,CA
ankara,39.9199,32.8543,64.4,51,1.14,04/24/2021,0,TR
ambilobe,-13.2,49.05,74.59,92,3.15,04/24/2021,31,MG
ormara,25.2088,64.6357,81.05,81,4.32,04/24/2021,0,PK
ugoofaaru,5.6667,73.0,83.8,72,5.84,04/24/2021,20,MV
arona,28.0996,-16.681,77.0,41,20.71,04/24/2021,20,ES
mahibadhoo,3.7833,72.9667,83.71,73,7.87,04/24/2021,43,MV
huaiyin,33.5886,119.0192,55.29,95,7.54,04/24/2021,99,CN
hibbing,47.4272,-92.9377,37.4,44,11.5,04/24/2021,75,US
tongren,27.7172,109.1853,57.6,91,7.2,04/24/2021,100,CN
kaz,52.9113,87.3105,30.88,98,3.47,04/24/2021,100,RU
nanortalik,60.1432,-45.2371,40.82,77,7.47,04/24/2021,100,GL
coquimbo,-29.9533,-71.3436,64.4,68,13.8,04/24/2021,0,CL
carutapera,-1.195,-46.02,82.71,76,6.89,04/24/2021,95,BR
manosque,43.8288,5.7869,66.0,52,6.22,04/24/2021,35,FR
kenora,49.8167,-94.4337,37.4,28,10.36,04/24/2021,75,CA
basoko,1.2391,23.616,73.54,91,5.79,04/24/2021,100,CD
langenzenn,49.5,10.8,59.0,36,11.5,04/24/2021,0,DE
cidreira,-30.1811,-50.2056,74.5,69,13.44,04/24/2021,25,BR
villamontes,-21.25,-63.5,76.39,59,12.17,04/24/2021,94,BO
pelileo,-1.3167,-78.5333,77.0,67,14.97,04/24/2021,75,EC
aktas,49.7789,72.9608,42.8,26,11.18,04/24/2021,0,KZ
kabinda,-6.1333,24.4833,69.3,94,4.07,04/24/2021,100,CD
iwanai,42.9744,140.5089,42.33,95,7.2,04/24/2021,100,JP
dutlwe,-23.9833,23.9,68.47,25,2.21,04/24/2021,0,BW
mounana,-1.4085,13.1586,75.2,88,2.3,04/24/2021,20,GA
bathsheba,13.2167,-59.5167,86.0,54,19.57,04/24/2021,20,BB
naze,28.3667,129.4833,64.17,71,19.95,04/24/2021,97,JP
awbari,26.5921,12.7805,87.75,14,10.02,04/24/2021,0,LY
cleveland,41.4995,-81.6954,62.6,36,6.91,04/24/2021,1,US
berlevag,70.8578,29.0864,34.12,70,13.49,04/24/2021,100,NO
san cristobal,7.7669,-72.225,89.6,55,13.8,04/24/2021,40,VE
aleksandrov gay,50.147,48.5704,52.03,84,14.38,04/24/2021,70,RU
dauphin,51.1494,-100.0502,42.8,28,19.57,04/24/2021,20,CA
pisco,-13.7,-76.2167,70.0,78,10.36,04/24/2021,0,PE
skelleftea,64.7507,20.9528,33.01,80,16.11,04/24/2021,90,SE
mongoumba,3.6415,18.5936,77.56,66,3.42,04/24/2021,68,CF
lufkin,31.3382,-94.7291,79.0,60,9.22,04/24/2021,1,US
amapa,1.0,-52.0,79.66,94,3.29,04/24/2021,97,BR
saint-philippe,-21.3585,55.7679,78.8,83,28.77,04/24/2021,75,RE
neulengbach,48.1974,15.9022,64.4,32,2.3,04/24/2021,75,AT
praia da vitoria,38.7333,-27.0667,60.8,82,29.39,04/24/2021,75,PT
tabou,4.423,-7.3528,83.14,77,10.16,04/24/2021,96,CI
parabel,58.6978,81.4825,31.86,93,5.06,04/24/2021,91,RU
cohoes,42.7742,-73.7001,70.0,26,10.36,04/24/2021,50,US
kagadi,0.9606,30.7967,64.09,98,1.41,04/24/2021,96,UG
bontang,0.1333,117.5,77.09,83,4.23,04/24/2021,62,ID
nata,8.3333,-80.5167,89.01,32,11.83,04/24/2021,92,PA
baculin,7.4525,126.5842,78.6,80,5.57,04/24/2021,99,PH
bonavista,48.6499,-53.1147,50.0,53,11.5,04/24/2021,77,CA
saint george,37.1041,-113.5841,78.01,16,9.22,04/24/2021,1,US
san quintin,30.4833,-115.95,63.27,67,15.03,04/24/2021,65,MX
fortuna,40.5982,-124.1573,52.0,87,8.05,04/24/2021,90,US
lhokseumawe,5.1801,97.1507,77.18,87,3.89,04/24/2021,100,ID
okhotsk,59.3833,143.3,13.64,72,15.84,04/24/2021,33,RU
yuancheng,36.652,107.7896,46.47,91,6.42,04/24/2021,100,CN
san pedro,14.35,121.0167,80.6,78,3.94,04/24/2021,20,PH
bandarbeyla,9.4942,50.8122,83.62,75,9.57,04/24/2021,60,SO
qinhuangdao,39.9317,119.5883,51.8,62,8.95,04/24/2021,23,CN
progreso,21.2833,-89.6667,98.01,38,19.57,04/24/2021,75,MX
cehegin,38.0924,-1.7985,64.99,63,10.36,04/24/2021,20,ES
pevek,69.7008,170.3133,17.11,88,2.39,04/24/2021,100,RU
conceicao da barra,-18.5933,-39.7322,80.04,68,6.08,04/24/2021,78,BR
ayorou,14.7308,0.9174,99.45,5,8.39,04/24/2021,2,NE
mecca,21.4267,39.8261,88.25,29,2.59,04/24/2021,28,SA
spanish lake,38.7878,-90.2159,55.4,88,12.66,04/24/2021,90,US
pescara,42.3333,13.95,60.8,29,2.3,04/24/2021,0,IT
zhanaozen,43.3,52.8,66.22,24,6.58,04/24/2021,12,KZ
praia,14.9215,-23.5087,75.2,57,19.57,04/24/2021,75,CV
elk city,35.412,-99.4043,64.4,48,8.05,04/24/2021,1,US
constitucion,-35.3333,-72.4167,65.5,55,15.37,04/24/2021,0,CL
polovinnoye,54.7914,65.9864,44.04,46,14.47,04/24/2021,100,RU
hendek,40.7994,30.7481,53.6,87,5.75,04/24/2021,75,TR
kuching,1.55,110.3333,75.2,94,2.3,04/24/2021,40,MY
anadyr,64.75,177.4833,30.2,100,15.66,04/24/2021,75,RU
lavumisa,-27.31,31.892,63.46,62,1.32,04/24/2021,54,SZ
maceio,-9.6658,-35.7353,86.0,66,9.22,04/24/2021,20,BR
mangrol,21.1167,70.1167,81.12,80,11.81,04/24/2021,100,IN
jaspur,29.2833,78.8167,75.54,27,5.66,04/24/2021,0,IN
verkhoturye,58.8627,60.8054,42.19,77,9.31,04/24/2021,100,RU
padang,-0.9492,100.3543,77.18,87,2.57,04/24/2021,97,ID
kijang,35.2442,129.2139,59.0,72,1.14,04/24/2021,0,KR
sovetskaya,44.7769,41.1722,47.3,87,5.01,04/24/2021,40,RU
saldanha,-33.0117,17.9442,66.2,55,6.91,04/24/2021,94,ZA
udachnyy,66.4167,112.4,19.69,96,4.16,04/24/2021,100,RU
mount isa,-20.7333,139.5,69.8,30,5.75,04/24/2021,8,AU
ambanja,-13.6833,48.45,75.87,90,2.98,04/24/2021,68,MG
vostok,46.4856,135.8833,29.03,44,10.76,04/24/2021,57,RU
ahipara,-35.1667,173.1667,59.05,82,8.79,04/24/2021,69,NZ
selfoss,63.9331,-20.9971,45.0,91,11.99,04/24/2021,100,IS
kununurra,-15.7667,128.7333,60.8,67,3.44,04/24/2021,8,AU
kurchum,48.5722,83.6542,37.72,48,1.68,04/24/2021,42,KZ
kushiro,42.975,144.3747,42.75,90,8.34,04/24/2021,99,JP
general pico,-35.6566,-63.7568,67.77,45,8.77,04/24/2021,42,AR
iquitos,-3.7481,-73.2472,89.6,62,4.61,04/24/2021,75,PE
andenes,69.3143,16.1194,36.0,60,13.8,04/24/2021,91,NO
tamala,52.541,43.2515,40.82,78,15.52,04/24/2021,95,RU
avera,33.194,-82.5271,64.4,97,10.36,04/24/2021,90,US
byron bay,-28.65,153.6167,54.0,94,5.59,04/24/2021,83,AU
christchurch,-43.5333,172.6333,46.99,100,3.44,04/24/2021,90,NZ
tuensang,26.2833,94.8333,65.44,49,2.13,04/24/2021,23,IN
olovo,44.13,18.5828,59.0,38,5.75,04/24/2021,0,BA
weyburn,49.6668,-103.8511,39.2,33,6.91,04/24/2021,49,CA
sao felix do xingu,-6.6447,-51.995,85.28,71,1.32,04/24/2021,73,BR
horsham,51.064,-0.3272,53.6,37,13.8,04/24/2021,0,GB
alyangula,-13.8483,136.4192,69.8,100,8.48,04/24/2021,99,AU
nome,64.5011,-165.4064,33.8,75,3.62,04/24/2021,20,US
vangaindrano,-23.35,47.6,70.54,90,1.9,04/24/2021,28,MG
kangaatsiaq,68.3065,-53.4641,33.26,81,11.9,04/24/2021,62,GL
srednekolymsk,67.45,153.6833,10.98,95,8.81,04/24/2021,100,RU
vestmannaeyjar,63.4427,-20.2734,44.6,87,19.57,04/24/2021,90,IS
surt,31.2089,16.5887,63.32,77,16.33,04/24/2021,9,LY
aksehir,38.3575,31.4164,60.04,53,3.6,04/24/2021,93,TR
san fernando,15.0286,120.6898,75.2,88,2.3,04/24/2021,40,PH
wawa,9.9022,4.4192,88.29,46,6.96,04/24/2021,99,NG
faanui,-16.4833,-151.75,80.01,74,7.63,04/24/2021,100,PF
alice springs,-23.7,133.8833,46.4,71,8.05,04/24/2021,2,AU
yerbogachen,61.2767,108.0108,29.07,95,1.7,04/24/2021,100,RU
mariental,-24.6333,17.9667,74.01,18,10.07,04/24/2021,0,NA
manono,-7.3,27.4167,73.42,84,3.78,04/24/2021,100,CD
wadi maliz,36.4681,8.5495,64.4,68,5.75,04/24/2021,40,TN
malia,35.2833,25.4667,63.0,88,5.75,04/24/2021,75,GR
santiago del estero,-27.7951,-64.2615,75.88,52,11.12,04/24/2021,70,AR
oyama,36.3,139.8,63.0,87,2.3,04/24/2021,20,JP
yumen,40.2833,97.2,50.31,33,8.01,04/24/2021,94,CN
carbonia,39.1672,8.5222,64.4,63,5.75,04/24/2021,40,IT
xingyi,24.1877,102.817,64.63,28,2.84,04/24/2021,11,CN
nishihara,26.1842,127.7558,68.0,88,11.5,04/24/2021,75,JP
shieli,44.1667,66.75,64.38,22,10.96,04/24/2021,4,KZ
lira,2.235,32.9097,68.43,89,4.29,04/24/2021,86,UG
akdagmadeni,39.6603,35.8836,54.5,57,5.28,04/24/2021,81,TR
bambanglipuro,-7.95,110.2833,75.52,82,3.36,04/24/2021,9,ID
pingliang,35.5392,106.6861,45.75,88,0.54,04/24/2021,100,CN
caravelas,-17.7125,-39.2481,81.43,67,5.21,04/24/2021,46,BR
tura,25.5198,90.2201,75.6,35,4.09,04/24/2021,76,IN
kyabe,9.4515,18.9449,93.56,32,2.53,04/24/2021,60,TD
lafayette,30.2335,-92.0668,81.0,69,17.27,04/24/2021,75,US
kailua,21.4022,-157.7394,78.8,68,11.5,04/24/2021,20,US
hauterive,46.0901,3.4459,71.6,35,10.36,04/24/2021,0,FR
lyskovo,56.0328,45.0422,49.08,76,16.51,04/24/2021,100,RU
port macquarie,-31.4333,152.9167,53.01,91,1.99,04/24/2021,28,AU
mocuba,-16.8392,36.9856,69.39,91,4.07,04/24/2021,21,MZ
north bend,43.4065,-124.2243,55.0,76,10.36,04/24/2021,90,US
tigil,57.8,158.6667,27.48,97,5.26,04/24/2021,100,RU
half moon bay,37.4636,-122.4286,61.0,71,8.05,04/24/2021,75,US
adrar,20.5022,-10.0711,96.28,9,13.02,04/24/2021,2,MR
suntar,62.1444,117.6319,33.1,90,3.09,04/24/2021,60,RU
otofuke,42.9917,143.2003,49.35,81,3.09,04/24/2021,100,JP
channel-port aux basques,47.5702,-59.1367,35.65,93,17.67,04/24/2021,100,CA
longjiang,47.3303,123.1836,46.27,26,6.69,04/24/2021,2,CN
bonthe,7.5264,-12.505,84.61,66,13.49,04/24/2021,29,SL
fuxin,42.0156,121.6589,44.82,51,6.04,04/24/2021,39,CN
hami,42.8,93.45,50.92,20,1.99,04/24/2021,37,CN
oranjestad,12.524,-70.027,86.0,66,26.46,04/24/2021,40,AW
las cruces,32.3123,-106.7783,75.2,15,3.44,04/24/2021,1,US
gilgit,35.9221,74.3087,54.21,36,3.53,04/24/2021,33,PK
rauma,61.1272,21.5113,35.6,75,11.5,04/24/2021,75,FI
mareeba,-17.0,145.4333,73.99,100,12.66,04/24/2021,90,AU
mattru,7.6244,-11.8332,86.52,60,8.52,04/24/2021,53,SL
nipawin,53.3668,-104.0009,32.0,51,5.75,04/24/2021,75,CA
omsukchan,62.5333,155.8,-10.37,99,4.83,04/24/2021,52,RU
ohara,35.25,140.3833,60.8,100,3.44,04/24/2021,20,JP
evensk,61.95,159.2333,18.0,80,10.8,04/24/2021,100,RU
severo-yeniseyskiy,60.3725,93.0408,29.71,98,1.03,04/24/2021,100,RU
chapais,49.7834,-74.8492,48.2,37,12.66,04/24/2021,20,CA
sakakah,29.9697,40.2064,89.6,9,3.44,04/24/2021,40,SA
kosh-agach,50.0,88.6667,16.0,71,5.68,04/24/2021,96,RU
tuatapere,-46.1333,167.6833,50.0,75,4.0,04/24/2021,88,NZ
ayan,56.45,138.1667,23.79,74,11.27,04/24/2021,87,RU
turbat,26.0023,63.044,82.87,61,7.05,04/24/2021,6,PK
challans,46.8436,-1.8749,73.4,27,12.66,04/24/2021,0,FR
kahului,20.8947,-156.47,71.6,100,12.66,04/24/2021,40,US
port augusta,-32.5,137.7667,57.2,88,5.75,04/24/2021,0,AU
ballina,-28.8667,153.5667,54.0,94,6.2,04/24/2021,90,AU
klyuchi,52.2667,79.1667,40.69,41,1.52,04/24/2021,2,RU
baherden,38.4362,57.4316,73.38,47,7.7,04/24/2021,100,TM
lazaro cardenas,17.9583,-102.2,85.68,50,10.02,04/24/2021,92,MX
golden gate,26.1879,-81.6951,90.0,62,19.57,04/24/2021,40,US
besancon,47.2488,6.0182,61.0,43,4.14,04/24/2021,2,FR
campbell river,50.0163,-125.2446,48.99,87,10.36,04/24/2021,90,CA
macomb,40.4592,-90.6718,62.01,63,6.91,04/24/2021,1,US
olafsvik,64.8945,-23.7142,44.94,83,16.89,04/24/2021,100,IS
vila do maio,15.1333,-23.2167,75.2,57,19.57,04/24/2021,75,CV
nong chik,6.8436,101.178,78.75,83,8.86,04/24/2021,100,TH
kuala terengganu,5.3302,103.1408,77.0,94,3.44,04/24/2021,40,MY
maxixe,-23.8597,35.3472,70.56,81,6.82,04/24/2021,0,MZ
mitsamiouli,-11.3847,43.2844,80.47,78,10.76,04/24/2021,89,KM
wau,7.7029,27.9953,88.52,42,2.15,04/24/2021,51,SS
sabile,57.0458,22.5726,34.02,82,11.32,04/24/2021,100,LV
te anau,-45.4167,167.7167,46.08,95,7.25,04/24/2021,79,NZ
charters towers,-20.1,146.2667,65.17,90,9.17,04/24/2021,100,AU
spartanburg,34.9496,-81.9321,54.0,94,6.91,04/24/2021,90,US
tuy hoa,13.0833,109.3,78.42,84,3.02,04/24/2021,14,VN
aksu,41.1231,80.2644,57.34,29,4.79,04/24/2021,33,CN
wajima,37.4,136.9,53.8,78,8.16,04/24/2021,100,JP
hervey bay,-25.2986,152.8535,61.0,85,1.01,04/24/2021,0,AU
kulhudhuffushi,6.6221,73.07,83.75,72,3.83,04/24/2021,66,MV
ust-omchug,61.15,149.6333,-9.11,99,4.74,04/24/2021,75,RU
kalmunai,7.4167,81.8167,80.71,75,3.13,04/24/2021,43,LK
xai-xai,-25.0519,33.6442,70.43,77,8.16,04/24/2021,12,MZ
seymchan,62.8833,152.4333,-5.71,98,2.42,04/24/2021,62,RU
strabychovo,48.3925,22.5431,42.01,51,3.76,04/24/2021,87,UA
port hedland,-20.3167,118.5667,68.0,64,8.05,04/24/2021,0,AU
karasburg,-28.0167,18.75,76.93,17,8.16,04/24/2021,1,NA
warman,52.3168,-106.5679,39.2,30,8.05,04/24/2021,20,CA
martinsburg,39.4562,-77.9639,63.0,31,8.05,04/24/2021,1,US
zyrardow,52.0488,20.446,44.01,96,6.91,04/24/2021,80,PL
bosobolo,4.1833,19.9,75.92,73,1.9,04/24/2021,27,CD
trairi,-3.2778,-39.2689,81.28,85,10.45,04/24/2021,63,BR
deputatskiy,69.3,139.9,4.17,87,3.49,04/24/2021,99,RU
kaseda,31.4167,130.3167,60.46,82,5.64,04/24/2021,22,JP
iisalmi,63.5592,27.1907,39.2,75,1.14,04/24/2021,0,FI
san rafael,-34.6177,-68.3301,67.41,45,7.58,04/24/2021,6,AR
saint-pierre,-21.3393,55.4781,78.8,83,28.77,04/24/2021,75,RE
banda aceh,5.5577,95.3222,80.19,74,9.98,04/24/2021,100,ID
belaya gora,68.5333,146.4167,-8.75,100,3.85,04/24/2021,95,RU
jaguaribe,-5.8906,-38.6219,89.82,50,5.01,04/24/2021,100,BR
kysyl-syr,63.8986,122.7617,33.73,92,5.57,04/24/2021,100,RU
itaqui,-29.1253,-56.5531,69.73,84,5.53,04/24/2021,100,BR
chapada dos guimaraes,-15.4606,-55.7497,91.4,38,6.91,04/24/2021,0,BR
bam,29.106,58.357,80.49,21,13.58,04/24/2021,10,IR
tierralta,8.1736,-76.0592,88.11,63,5.46,04/24/2021,40,CO
saedinenie,42.2667,24.55,54.0,71,2.3,04/24/2021,75,BG
hofn,64.2539,-15.2082,47.01,80,5.93,04/24/2021,100,IS
kawardha,22.0167,81.25,86.72,17,5.91,04/24/2021,55,IN
brae,60.3964,-1.353,44.6,76,8.05,04/24/2021,62,GB
kasulu,-4.5767,30.1025,77.0,78,0.54,04/24/2021,20,TZ
westport,41.1415,-73.3579,70.0,30,16.11,04/24/2021,1,US
araouane,18.9048,-3.5265,97.9,8,4.38,04/24/2021,11,ML
aguilas,37.4063,-1.5829,62.01,65,1.01,04/24/2021,80,ES
atherton,53.5237,-2.4935,62.01,47,1.01,04/24/2021,55,GB
bushenyi,-0.5853,30.2114,61.45,95,2.68,04/24/2021,90,UG
abu kamal,34.4506,40.9171,85.69,15,6.49,04/24/2021,96,SY
rovaniemi,66.5,25.7167,32.0,93,10.36,04/24/2021,90,FI
dundalk,39.2507,-76.5205,66.2,42,9.22,04/24/2021,1,US
robore,-18.3333,-59.75,86.0,66,5.75,04/24/2021,90,BO
tonder,54.9331,8.8667,44.01,66,11.01,04/24/2021,15,DK
dibulla,11.2725,-73.3091,85.5,64,9.66,04/24/2021,90,CO
kaoma,-14.7833,24.8,68.27,46,4.34,04/24/2021,33,ZM
benemerito de las americas,16.5167,-90.6439,97.39,34,4.56,04/24/2021,79,MX
sakyla,61.0333,22.3333,35.6,75,11.5,04/24/2021,75,FI
garissa,-0.4536,39.6401,87.64,49,14.63,04/24/2021,85,KE
gayny,60.3071,54.3241,41.81,92,8.25,04/24/2021,100,RU
tomatlan,19.9333,-105.25,92.7,25,8.01,04/24/2021,78,MX
isla mujeres,21.2311,-86.731,86.0,70,11.5,04/24/2021,75,MX
hillsborough,37.5741,-122.3794,61.0,55,5.75,04/24/2021,75,US
minggang,32.4586,114.0486,54.93,93,11.25,04/24/2021,100,CN
moron,-34.6534,-58.6198,73.99,62,5.01,04/24/2021,26,AR
muros,42.7762,-9.0603,66.99,74,4.0,04/24/2021,100,ES
mehamn,71.0357,27.8492,33.01,71,8.28,04/24/2021,100,NO
gizo,-8.103,156.8419,82.15,75,5.84,04/24/2021,86,SB
vagur,61.4732,-6.8119,46.81,79,3.04,04/24/2021,100,FO
havoysund,70.9963,24.6622,30.2,80,11.5,04/24/2021,100,NO
valparaiso,-33.0393,-71.6273,69.8,52,3.44,04/24/2021,0,CL
burnie,-41.0667,145.9167,46.99,89,1.99,04/24/2021,68,AU
hobyo,5.3505,48.5268,84.33,69,12.91,04/24/2021,41,SO
mahon,39.8885,4.2658,60.8,63,8.05,04/24/2021,0,ES
makat,47.6469,53.3463,58.55,56,15.88,04/24/2021,82,KZ
octeville,49.6261,-1.6435,52.0,66,19.57,04/24/2021,0,FR
aklavik,68.2191,-135.0107,33.8,60,2.3,04/24/2021,20,CA
preston,53.7667,-2.7167,62.01,48,16.11,04/24/2021,20,GB
liwale,-9.7667,37.9333,69.75,97,7.11,04/24/2021,99,TZ
gurupi,-11.7292,-49.0686,88.7,52,1.86,04/24/2021,7,BR
puerto santander,8.3636,-72.4063,89.6,55,13.8,04/24/2021,40,CO
marzuq,14.4,46.4667,72.64,67,8.14,04/24/2021,20,YE
karatau,43.1667,70.4667,52.79,61,5.17,04/24/2021,45,KZ
natal,-5.795,-35.2094,84.2,74,14.97,04/24/2021,75,BR
nalut,30.3333,10.85,73.36,28,14.88,04/24/2021,0,LY
henties bay,-22.116,14.2845,65.34,82,7.05,04/24/2021,3,NA
gusoeni,44.7333,24.1167,51.8,66,8.05,04/24/2021,0,RO
nkan,0.3833,9.7833,78.8,89,2.3,04/24/2021,20,GA
santa fe,-31.6333,-60.7,73.0,63,5.01,04/24/2021,23,AR
boulder,40.0833,-105.3505,50.0,66,2.51,04/24/2021,1,US
plattsburgh,44.6995,-73.4529,71.6,20,10.36,04/24/2021,75,US
shenzhen,22.5455,114.0683,75.99,97,5.26,04/24/2021,17,CN
basse,52.5518,9.5069,51.8,43,11.5,04/24/2021,57,DE
bisho,-32.8472,27.4422,64.4,88,5.75,04/24/2021,0,ZA
ekhabi,53.5102,142.9671,22.73,85,10.04,04/24/2021,15,RU
dali,25.7,100.1833,58.35,51,5.26,04/24/2021,1,CN
uspenka,48.3903,39.1619,46.51,63,9.26,04/24/2021,81,UA
buraydah,26.326,43.975,87.8,18,8.05,04/24/2021,20,SA
bakchar,57.0186,82.0711,33.85,91,3.53,04/24/2021,70,RU
bolgatanga,10.7856,-0.8514,92.21,34,11.03,04/24/2021,50,GH
wladyslawowo,54.7909,18.4009,41.0,38,10.36,04/24/2021,0,PL
nabire,-3.3667,135.4833,74.53,95,4.47,04/24/2021,100,ID
blagoyevo,63.3667,47.9167,46.96,64,7.11,04/24/2021,34,RU
camana,-16.6228,-72.7111,71.02,71,9.8,04/24/2021,86,PE
krutinka,56.0055,71.5113,41.77,50,9.35,04/24/2021,100,RU
maniwaki,46.3834,-75.966,66.2,26,10.36,04/24/2021,44,CA
mosetse,-20.75,26.65,69.24,26,4.65,04/24/2021,0,BW
